<?xml version="1.0" encoding="UTF-8"?><?xml-stylesheet type='text/xsl' href='_UpgradeReport_Files/UpgradeReport.xslt'?><UpgradeLog>
<Properties><Property Name="Solution" Value="DataSetVisualizer">
</Property><Property Name="Solution File" Value="C:\Users\timm\Documents\Visual Studio 2010\Projects\DataSetVisualizer\DataSetVisualizer.sln">
</Property><Property Name="User Options File" Value="C:\Users\timm\Documents\Visual Studio 2010\Projects\DataSetVisualizer\DataSetVisualizer.suo">
</Property><Property Name="Date" Value="Wednesday, October 17, 2012">
</Property><Property Name="Time" Value="9:58 AM">
</Property></Properties><Event ErrorLevel="0" Project="" Source="DataSetVisualizer.sln" Description="File successfully backed up as C:\Users\timm\Documents\Visual Studio 2010\Projects\DataSetVisualizer\Backup\DataSetVisualizer.sln">
</Event><Event ErrorLevel="0" Project="" Source="DataSetVisualizer.suo" Description="File successfully backed up as C:\Users\timm\Documents\Visual Studio 2010\Projects\DataSetVisualizer\Backup\DataSetVisualizer.suo">
</Event><Event ErrorLevel="0" Project="DataSetVisualizer" Source="DataSetVisualizer\DataSetVisualizer.csproj" Description="Project file successfully backed up as C:\Users\timm\Documents\Visual Studio 2010\Projects\DataSetVisualizer\Backup\DataSetVisualizer\DataSetVisualizer.csproj">
</Event><Event ErrorLevel="0" Project="DataSetVisualizer" Source="DataSetVisualizer\DataSetVisualizer.csproj.user" Description="Project user file successfully backed up as C:\Users\timm\Documents\Visual Studio 2010\Projects\DataSetVisualizer\Backup\DataSetVisualizer\DataSetVisualizer.csproj.user">
</Event><Event ErrorLevel="0" Project="DataSetVisualizer" Source="DataSetVisualizer\DataRowViewVisualizer.cs" Description="File successfully backed up as C:\Users\timm\Documents\Visual Studio 2010\Projects\DataSetVisualizer\Backup\DataSetVisualizer\DataRowViewVisualizer.cs">
</Event><Event ErrorLevel="0" Project="DataSetVisualizer" Source="DataSetVisualizer\DataRowVisualizer.cs" Description="File successfully backed up as C:\Users\timm\Documents\Visual Studio 2010\Projects\DataSetVisualizer\Backup\DataSetVisualizer\DataRowVisualizer.cs">
</Event><Event ErrorLevel="0" Project="DataSetVisualizer" Source="DataSetVisualizer\DataRowVisualizerObjectSource.cs" Description="File successfully backed up as C:\Users\timm\Documents\Visual Studio 2010\Projects\DataSetVisualizer\Backup\DataSetVisualizer\DataRowVisualizerObjectSource.cs">
</Event><Event ErrorLevel="0" Project="DataSetVisualizer" Source="DataSetVisualizer\DataSetVisualizer.cs" Description="File successfully backed up as C:\Users\timm\Documents\Visual Studio 2010\Projects\DataSetVisualizer\Backup\DataSetVisualizer\DataSetVisualizer.cs">
</Event><Event ErrorLevel="0" Project="DataSetVisualizer" Source="DataSetVisualizer\DataTableVisualizer.cs" Description="File successfully backed up as C:\Users\timm\Documents\Visual Studio 2010\Projects\DataSetVisualizer\Backup\DataSetVisualizer\DataTableVisualizer.cs">
</Event><Event ErrorLevel="0" Project="DataSetVisualizer" Source="DataSetVisualizer\DataViewVisualizer.cs" Description="File successfully backed up as C:\Users\timm\Documents\Visual Studio 2010\Projects\DataSetVisualizer\Backup\DataSetVisualizer\DataViewVisualizer.cs">
</Event><Event ErrorLevel="0" Project="DataSetVisualizer" Source="DataSetVisualizer\DataViewVisualizerObjectSource.cs" Description="File successfully backed up as C:\Users\timm\Documents\Visual Studio 2010\Projects\DataSetVisualizer\Backup\DataSetVisualizer\DataViewVisualizerObjectSource.cs">
</Event><Event ErrorLevel="0" Project="DataSetVisualizer" Source="DataSetVisualizer\DSVisualizer.cs" Description="File successfully backed up as C:\Users\timm\Documents\Visual Studio 2010\Projects\DataSetVisualizer\Backup\DataSetVisualizer\DSVisualizer.cs">
</Event><Event ErrorLevel="0" Project="DataSetVisualizer" Source="DataSetVisualizer\DSVisualizer.Designer.cs" Description="File successfully backed up as C:\Users\timm\Documents\Visual Studio 2010\Projects\DataSetVisualizer\Backup\DataSetVisualizer\DSVisualizer.Designer.cs">
</Event><Event ErrorLevel="0" Project="DataSetVisualizer" Source="DataSetVisualizer\Properties\AssemblyInfo.cs" Description="File successfully backed up as C:\Users\timm\Documents\Visual Studio 2010\Projects\DataSetVisualizer\Backup\DataSetVisualizer\Properties\AssemblyInfo.cs">
</Event><Event ErrorLevel="0" Project="DataSetVisualizer" Source="DataSetVisualizer\Visualizer.cs" Description="File successfully backed up as C:\Users\timm\Documents\Visual Studio 2010\Projects\DataSetVisualizer\Backup\DataSetVisualizer\Visualizer.cs">
</Event><Event ErrorLevel="0" Project="DataSetVisualizer" Source="DataSetVisualizer\Visualizer.Designer.cs" Description="File successfully backed up as C:\Users\timm\Documents\Visual Studio 2010\Projects\DataSetVisualizer\Backup\DataSetVisualizer\Visualizer.Designer.cs">
</Event><Event ErrorLevel="0" Project="DataSetVisualizer" Source="DataSetVisualizer\DSVisualizer.resx" Description="File successfully backed up as C:\Users\timm\Documents\Visual Studio 2010\Projects\DataSetVisualizer\Backup\DataSetVisualizer\DSVisualizer.resx">
</Event><Event ErrorLevel="0" Project="DataSetVisualizer" Source="DataSetVisualizer\Visualizer.resx" Description="File successfully backed up as C:\Users\timm\Documents\Visual Studio 2010\Projects\DataSetVisualizer\Backup\DataSetVisualizer\Visualizer.resx">
</Event><Event ErrorLevel="1" Project="DataSetVisualizer" Source="DataSetVisualizer\DataSetVisualizer.csproj" Description="Your project is targeting .NET Framework 2.0 or 3.0. If your project uses assemblies requiring a newer .NET Framework, your project will fail to build. You can change the .NET Framework version by clicking Properties on the project menu and then selecting a new version in the '.NET Framework' dropdown box. (In Visual Basic, this is located on the Compile tab by clicking the 'Advanced Compiler Options...' button.)">
</Event><Event ErrorLevel="0" Project="DataSetVisualizer" Source="DataSetVisualizer\DataSetVisualizer.csproj" Description="Project converted successfully">
</Event><Event ErrorLevel="3" Project="DataSetVisualizer" Source="DataSetVisualizer\DataSetVisualizer.csproj" Description="Converted">
</Event><Event ErrorLevel="0" Project="ConsoleApplication1" Source="ConsoleApplication1\ConsoleApplication1.csproj" Description="Project file successfully backed up as C:\Users\timm\Documents\Visual Studio 2010\Projects\DataSetVisualizer\Backup\ConsoleApplication1\ConsoleApplication1.csproj">
</Event><Event ErrorLevel="0" Project="ConsoleApplication1" Source="ConsoleApplication1\Program.cs" Description="File successfully backed up as C:\Users\timm\Documents\Visual Studio 2010\Projects\DataSetVisualizer\Backup\ConsoleApplication1\Program.cs">
</Event><Event ErrorLevel="0" Project="ConsoleApplication1" Source="ConsoleApplication1\Properties\AssemblyInfo.cs" Description="File successfully backed up as C:\Users\timm\Documents\Visual Studio 2010\Projects\DataSetVisualizer\Backup\ConsoleApplication1\Properties\AssemblyInfo.cs">
</Event><Event ErrorLevel="1" Project="ConsoleApplication1" Source="ConsoleApplication1\ConsoleApplication1.csproj" Description="Your project is targeting .NET Framework 2.0 or 3.0. If your project uses assemblies requiring a newer .NET Framework, your project will fail to build. You can change the .NET Framework version by clicking Properties on the project menu and then selecting a new version in the '.NET Framework' dropdown box. (In Visual Basic, this is located on the Compile tab by clicking the 'Advanced Compiler Options...' button.)">
</Event><Event ErrorLevel="0" Project="ConsoleApplication1" Source="ConsoleApplication1\ConsoleApplication1.csproj" Description="Project converted successfully">
</Event><Event ErrorLevel="3" Project="ConsoleApplication1" Source="ConsoleApplication1\ConsoleApplication1.csproj" Description="Converted">
</Event><Event ErrorLevel="0" Project="" Source="DataSetVisualizer.sln" Description="Solution converted successfully">
</Event><Event ErrorLevel="3" Project="" Source="DataSetVisualizer.sln" Description="Converted">
</Event><Event ErrorLevel="0" Project="DataSetVisualizer" Source="DataSetVisualizer\DataSetVisualizer.csproj" Description="Scan complete: Upgrade not required for project files.">
</Event><Event ErrorLevel="0" Project="ConsoleApplication1" Source="ConsoleApplication1\ConsoleApplication1.csproj" Description="Scan complete: Upgrade not required for project files.">
</Event></UpgradeLog>